packet_size,apu_timestamp,rpu_timestamp,delta_ticks,delta_us
1,1392047025,1392047373,348,3.480
1,1392068812,1392069012,200,2.000
1,1392090195,1392090357,162,1.620
1,1392109279,1392109459,180,1.800
1,1392130779,1392130959,180,1.800
1,1392152142,1392152277,135,1.350
1,1392173487,1392173630,143,1.430
1,1392194832,1392194999,167,1.670
1,1392216171,1392216373,202,2.020
1,1392237577,1392237725,148,1.480
1,1392258946,1392259089,143,1.430
1,1392280284,1392280442,158,1.580
1,1392301616,1392301760,144,1.440
1,1392322959,1392323113,154,1.540
1,1392344323,1392344482,159,1.590
1,1392365670,1392365851,181,1.810
1,1392387021,1392387156,135,1.350
1,1392408379,1392408522,143,1.430
1,1392429711,1392429874,163,1.630
1,1392451069,1392451243,174,1.740
1,1392472414,1392472613,199,1.990
1,1392493749,1392493914,165,1.650
1,1392515144,1392515283,139,1.390
1,1392536513,1392536687,174,1.740
1,1392557874,1392558055,181,1.810
1,1392579205,1392579379,174,1.740
1,1392600530,1392600676,146,1.460
1,1392621858,1392622045,187,1.870
1,1392643217,1392643397,180,1.800
1,1392664567,1392664716,149,1.490
1,1392685920,1392686068,148,1.480
1,1392707252,1392707390,138,1.380
1,1392728613,1392728807,194,1.940
1,1392749947,1392750108,161,1.610
1,1392771304,1392771477,173,1.730
1,1392792626,1392792779,153,1.530
1,1392813983,1392814148,165,1.650
1,1392835303,1392835450,147,1.470
1,1392856653,1392856819,166,1.660
1,1392877985,1392878143,158,1.580
1,1392899313,1392899490,177,1.770
1,1392920723,1392920860,137,1.370
1,1392942108,1392942262,154,1.540
1,1392963450,1392963631,181,1.810
1,1392984783,1392984955,172,1.720
1,1393006125,1393006302,177,1.770
1,1393027456,1393027621,165,1.650
1,1393048773,1393048923,150,1.500
1,1393070121,1393070293,172,1.720
1,1393091470,1393091644,174,1.740
1,1393112806,1393112963,157,1.570
1,1393134143,1393134337,194,1.940
1,1393155478,1393155634,156,1.560
1,1393176831,1393177003,172,1.720
1,1393198185,1393198355,170,1.700
1,1393219517,1393219674,157,1.570
1,1393240853,1393241026,173,1.730
1,1393262179,1393262345,166,1.660
1,1393283529,1393283719,190,1.900
1,1393304858,1393305016,158,1.580
1,1393322842,1393323020,178,1.780
1,1393344185,1393344338,153,1.530
1,1393365523,1393365690,167,1.670
1,1393386874,1393387010,136,1.360
1,1393408199,1393408379,180,1.800
1,1393429535,1393429680,145,1.450
1,1393450870,1393451049,179,1.790
1,1393472202,1393472351,149,1.490
1,1393493554,1393493720,166,1.660
1,1393514889,1393515024,135,1.350
1,1393536226,1393536391,165,1.650
1,1393557563,1393557761,198,1.980
1,1393578905,1393579062,157,1.570
1,1393600247,1393600381,134,1.340
1,1393621571,1393621733,162,1.620
1,1393642933,1393643103,170,1.700
1,1393664261,1393664404,143,1.430
1,1393685585,1393685723,138,1.380
1,1393707377,1393707557,180,1.800
1,1393729087,1393729269,182,1.820
1,1393750409,1393750587,178,1.780
1,1393771753,1393771889,136,1.360
1,1393793083,1393793258,175,1.750
1,1393814437,1393814611,174,1.740
1,1393835770,1393835929,159,1.590
1,1393857101,1393857299,198,1.980
1,1393878443,1393878600,157,1.570
1,1393899763,1393899919,156,1.560
1,1393921109,1393921271,162,1.620
1,1393942478,1393942640,162,1.620
1,1393963801,1393963942,141,1.410
1,1393985142,1393985311,169,1.690
1,1394006471,1394006635,164,1.640
1,1394027807,1394027982,175,1.750
1,1394049155,1394049301,146,1.460
1,1394070489,1394070653,164,1.640
1,1394091852,1394092023,171,1.710
1,1394115280,1394115467,187,1.870
1,1394137188,1394137368,180,1.800
1,1394158856,1394158993,137,1.370
16,1394183654,1394183807,153,1.530
16,1394205384,1394205551,167,1.670
16,1394227024,1394227220,196,1.960
16,1394248640,1394248767,127,1.270
16,1394270235,1394270389,154,1.540
16,1394291814,1394291960,146,1.460
16,1394313417,1394313585,168,1.680
16,1394335031,1394335203,172,1.720
16,1394356631,1394356774,143,1.430
16,1394378233,1394378397,164,1.640
16,1394399840,1394399967,127,1.270
16,1394421422,1394421588,166,1.660
16,1394443037,1394443210,173,1.730
16,1394464618,1394464764,146,1.460
16,1394486211,1394486385,174,1.740
16,1394507951,1394508108,157,1.570
16,1394529561,1394529729,168,1.680
16,1394551179,1394551351,172,1.720
16,1394572777,1394572922,145,1.450
16,1394594369,1394594496,127,1.270
16,1394615994,1394616165,171,1.710
16,1394637579,1394637736,157,1.570
16,1394659193,1394659358,165,1.650
16,1394680786,1394680929,143,1.430
16,1394702384,1394702551,167,1.670
16,1394723978,1394724128,150,1.500
16,1394745581,1394745725,144,1.440
16,1394767151,1394767297,146,1.460
16,1394788728,1394788868,140,1.400
16,1394810336,1394810489,153,1.530
16,1394831934,1394832061,127,1.270
16,1394853553,1394853682,129,1.290
16,1394875143,1394875306,163,1.630
16,1394896755,1394896925,170,1.700
16,1394918475,1394918648,173,1.730
16,1394940069,1394940219,150,1.500
16,1394961663,1394961840,177,1.770
16,1394983287,1394983462,175,1.750
16,1395004857,1395005016,159,1.590
16,1395026466,1395026637,171,1.710
16,1395048048,1395048208,160,1.600
16,1395069651,1395069779,128,1.280
16,1395091241,1395091401,160,1.600
16,1395112821,1395112972,151,1.510
16,1395134435,1395134593,158,1.580
16,1395156039,1395156166,127,1.270
16,1395177623,1395177786,163,1.630
16,1395199210,1395199364,154,1.540
16,1395220826,1395220962,136,1.360
16,1395242415,1395242583,168,1.680
16,1395264003,1395264154,151,1.510
16,1395285606,1395285776,170,1.700
16,1395307333,1395307498,165,1.650
16,1395328949,1395329120,171,1.710
16,1395350532,1395350691,159,1.590
16,1395372121,1395372262,141,1.410
16,1395393712,1395393884,172,1.720
16,1395415305,1395415455,150,1.500
16,1395436884,1395437028,144,1.440
16,1395458463,1395458654,191,1.910
16,1395480066,1395480201,135,1.350
16,1395501648,1395501774,126,1.260
16,1395523222,1395523394,172,1.720
16,1395544810,1395544965,155,1.550
16,1395566403,1395566536,133,1.330
16,1395588011,1395588158,147,1.470
16,1395609587,1395609729,142,1.420
16,1395631168,1395631353,185,1.850
16,1395652748,1395652928,180,1.800
16,1395674331,1395674475,144,1.440
16,1395695917,1395696046,129,1.290
16,1395717634,1395717769,135,1.350
16,1395739243,1395739390,147,1.470
16,1395760838,1395761012,174,1.740
16,1395782445,1395782583,138,1.380
16,1395804080,1395804207,127,1.270
16,1395825693,1395825826,133,1.330
16,1395847293,1395847448,155,1.550
16,1395868883,1395869019,136,1.360
16,1395890457,1395890643,186,1.860
16,1395912035,1395912218,183,1.830
16,1395933620,1395933765,145,1.450
16,1395955217,1395955387,170,1.700
16,1395976806,1395976958,152,1.520
16,1395998405,1395998531,126,1.260
16,1396020013,1396020150,137,1.370
16,1396041588,1396041722,134,1.340
16,1396063175,1396063343,168,1.680
16,1396084770,1396084914,144,1.440
16,1396107381,1396107517,136,1.360
16,1396129047,1396129184,137,1.370
16,1396150628,1396150755,127,1.270
16,1396172215,1396172376,161,1.610
16,1396193799,1396193953,154,1.540
16,1396215408,1396215551,143,1.430
16,1396236999,1396237126,127,1.270
16,1396258594,1396258744,150,1.500
16,1396280189,1396280316,127,1.270
16,1396301767,1396301937,170,1.700
16,1396323362,1396323508,146,1.460
32,1396348186,1396348340,154,1.540
32,1396369871,1396370011,140,1.400
32,1396391454,1396391627,173,1.730
32,1396413049,1396413199,150,1.500
32,1396434649,1396434821,172,1.720
32,1396456237,1396456394,157,1.570
32,1396477833,1396478019,186,1.860
32,1396499415,1396499567,152,1.520
32,1396521015,1396521188,173,1.730
32,1396542606,1396542759,153,1.530
32,1396564195,1396564331,136,1.360
32,1396585805,1396585952,147,1.470
32,1396607379,1396607523,144,1.440
32,1396628955,1396629095,140,1.400
32,1396650569,1396650716,147,1.470
32,1396672148,1396672337,189,1.890
32,1396693745,1396693891,146,1.460
32,1396715337,1396715513,176,1.760
32,1396736947,1396737084,137,1.370
32,1396758529,1396758705,176,1.760
32,1396780111,1396780277,166,1.660
32,1396801684,1396801848,164,1.640
32,1396823292,1396823469,177,1.770
32,1396844902,1396845040,138,1.380
32,1396866511,1396866662,151,1.510
32,1396888123,1396888286,163,1.630
32,1396909871,1396910006,135,1.350
32,1396931483,1396931680,197,1.970
32,1396953099,1396953255,156,1.560
32,1396974695,1396974853,158,1.580
32,1396996287,1396996425,138,1.380
32,1397017885,1397018046,161,1.610
32,1397039479,1397039617,138,1.380
32,1397061057,1397061239,182,1.820
32,1397082631,1397082809,178,1.780
32,1397104222,1397104381,159,1.590
32,1397125823,1397126003,180,1.800
32,1397147408,1397147576,168,1.680
32,1397169014,1397169201,187,1.870
32,1397190596,1397190749,153,1.530
32,1397212200,1397212372,172,1.720
32,1397233792,1397233941,149,1.490
32,1397255384,1397255563,179,1.790
32,1397276998,1397277134,136,1.360
32,1397298566,1397298705,139,1.390
32,1397320175,1397320327,152,1.520
32,1397341757,1397341898,141,1.410
32,1397363337,1397363519,182,1.820
32,1397384942,1397385075,133,1.330
32,1397406529,1397406695,166,1.660
32,1397428118,1397428266,148,1.480
32,1397449711,1397449887,176,1.760
32,1397471527,1397471660,133,1.330
32,1397493125,1397493282,157,1.570
32,1397514713,1397514853,140,1.400
32,1397536294,1397536475,181,1.810
32,1397557875,1397558047,172,1.720
32,1397579463,1397579617,154,1.540
32,1397601060,1397601238,178,1.780
32,1397622656,1397622812,156,1.560
32,1397644221,1397644363,142,1.420
32,1397665799,1397665934,135,1.350
32,1397687402,1397687556,154,1.540
32,1397709155,1397709329,174,1.740
32,1397730759,1397730900,141,1.410
32,1397752357,1397752521,164,1.640
32,1397773951,1397774092,141,1.410
32,1397795574,1397795714,140,1.400
32,1397817177,1397817336,159,1.590
32,1397838767,1397838907,140,1.400
32,1397860369,1397860528,159,1.590
32,1397881959,1397882152,193,1.930
32,1397903570,1397903727,157,1.570
32,1397925173,1397925325,152,1.520
32,1397946739,1397946896,157,1.570
32,1397968321,1397968467,146,1.460
32,1397989915,1397990089,174,1.740
32,1398011740,1398011912,172,1.720
32,1398033318,1398033483,165,1.650
32,1398054911,1398055054,143,1.430
32,1398076534,1398076676,142,1.420
32,1398098132,1398098298,166,1.660
32,1398119853,1398120021,168,1.680
32,1398141470,1398141642,172,1.720
32,1398163067,1398163213,146,1.460
32,1398184660,1398184834,174,1.740
32,1398206274,1398206456,182,1.820
32,1398227877,1398228033,156,1.560
32,1398249477,1398249631,154,1.540
32,1398271055,1398271202,147,1.470
32,1398292651,1398292824,173,1.730
32,1398314233,1398314395,162,1.620
32,1398335843,1398336017,174,1.740
32,1398357439,1398357588,149,1.490
32,1398379013,1398379159,146,1.460
32,1398400605,1398400780,175,1.750
32,1398422211,1398422408,197,1.970
32,1398443791,1398443979,188,1.880
32,1398465375,1398465527,152,1.520
32,1398486957,1398487098,141,1.410
64,1398511830,1398511973,143,1.430
64,1398533561,1398533769,208,2.080
64,1398555149,1398555314,165,1.650
64,1398576742,1398576936,194,1.940
64,1398598370,1398598556,186,1.860
64,1398619991,1398620178,187,1.870
64,1398641623,1398641799,176,1.760
64,1398663233,1398663421,188,1.880
64,1398684833,1398684992,159,1.590
64,1398706443,1398706614,171,1.710
64,1398728033,1398728185,152,1.520
64,1398749639,1398749806,167,1.670
64,1398771248,1398771428,180,1.800
64,1398792844,1398792984,140,1.400
64,1398814453,1398814603,150,1.500
64,1398836049,1398836226,177,1.770
64,1398857656,1398857797,141,1.410
64,1398879246,1398879421,175,1.750
64,1398900847,1398900989,142,1.420
64,1398922579,1398922761,182,1.820
64,1398944199,1398944383,184,1.840
64,1398965803,1398965954,151,1.510
64,1398987394,1398987575,181,1.810
64,1399008979,1399009147,168,1.680
64,1399030589,1399030768,179,1.790
64,1399052212,1399052391,179,1.790
64,1399073814,1399074018,204,2.040
64,1399095404,1399095565,161,1.610
64,1399117008,1399117187,179,1.790
64,1399138593,1399138758,165,1.650
64,1399160191,1399160330,139,1.390
64,1399181783,1399181950,167,1.670
64,1399203371,1399203522,151,1.510
64,1399224960,1399225143,183,1.830
64,1399246557,1399246714,157,1.570
64,1399268184,1399268389,205,2.050
64,1399289771,1399289964,193,1.930
64,1399311491,1399311680,189,1.890
64,1399333096,1399333235,139,1.390
64,1399354704,1399354855,151,1.510
64,1399376307,1399376477,170,1.700
64,1399397902,1399398048,146,1.460
64,1399419503,1399419669,166,1.660
64,1399441093,1399441240,147,1.470
64,1399462712,1399462862,150,1.500
64,1399484305,1399484483,178,1.780
64,1399505903,1399506055,152,1.520
64,1399527513,1399527676,163,1.630
64,1399549099,1399549298,199,1.990
64,1399570701,1399570852,151,1.510
64,1399592306,1399592473,167,1.670
64,1399613898,1399614045,147,1.470
64,1399635487,1399635666,179,1.790
64,1399657083,1399657237,154,1.540
64,1399678729,1399678909,180,1.800
64,1399700335,1399700480,145,1.450
64,1399721967,1399722152,185,1.850
64,1399743595,1399743773,178,1.780
64,1399765171,1399765348,177,1.770
64,1399786780,1399786966,186,1.860
64,1399808399,1399808588,189,1.890
64,1399829993,1399830142,149,1.490
64,1399851587,1399851763,176,1.760
64,1399873187,1399873334,147,1.470
64,1399894777,1399894956,179,1.790
64,1399916380,1399916527,147,1.470
64,1399937956,1399938098,142,1.420
64,1399959562,1399959720,158,1.580
64,1399981148,1399981291,143,1.430
64,1400002763,1400002912,149,1.490
64,1400024345,1400024534,189,1.890
64,1400045924,1400046088,164,1.640
64,1400067517,1400067659,142,1.420
64,1400089101,1400089280,179,1.790
64,1400110832,1400111003,171,1.710
64,1400132435,1400132574,139,1.390
64,1400154023,1400154195,172,1.720
64,1400175630,1400175769,139,1.390
64,1400197242,1400197388,146,1.460
64,1400218825,1400219010,185,1.850
64,1400240423,1400240581,158,1.580
64,1400262035,1400262202,167,1.670
64,1400283612,1400283780,168,1.680
64,1400305221,1400305378,157,1.570
64,1400326820,1400327000,180,1.800
64,1400348394,1400348571,177,1.770
64,1400369968,1400370143,175,1.750
64,1400391564,1400391713,149,1.490
64,1400413149,1400413334,185,1.850
64,1400434747,1400434905,158,1.580
64,1400456331,1400456476,145,1.450
64,1400477927,1400478100,173,1.730
64,1400499522,1400499726,204,2.040
64,1400521268,1400521444,176,1.760
64,1400542878,1400543070,192,1.920
64,1400564458,1400564617,159,1.590
64,1400586057,1400586239,182,1.820
64,1400607637,1400607809,172,1.720
64,1400629234,1400629381,147,1.470
64,1400650871,1400651053,182,1.820
128,1400675947,1400676135,188,1.880
128,1400697648,1400697805,157,1.570
128,1400719241,1400719424,183,1.830
128,1400740837,1400740994,157,1.570
128,1400762442,1400762616,174,1.740
128,1400784035,1400784187,152,1.520
128,1400805677,1400805859,182,1.820
128,1400827265,1400827430,165,1.650
128,1400848840,1400849001,161,1.610
128,1400870430,1400870623,193,1.930
128,1400892031,1400892197,166,1.660
128,1400913761,1400913916,155,1.550
128,1400935357,1400935540,183,1.830
128,1400956965,1400957166,201,2.010
128,1400978568,1400978713,145,1.450
128,1401000141,1401000287,146,1.460
128,1401021714,1401021906,192,1.920
128,1401043323,1401043477,154,1.540
128,1401064964,1401065149,185,1.850
128,1401086525,1401086671,146,1.460
128,1401108097,1401108243,146,1.460
128,1401129681,1401129862,181,1.810
128,1401151273,1401151440,167,1.670
128,1401172869,1401173037,168,1.680
128,1401194466,1401194611,145,1.450
128,1401216031,1401216180,149,1.490
128,1401237611,1401237801,190,1.900
128,1401259232,1401259423,191,1.910
128,1401280820,1401280994,174,1.740
128,1401302403,1401302565,162,1.620
128,1401324119,1401324287,168,1.680
128,1401345697,1401345859,162,1.620
128,1401367286,1401367480,194,1.940
128,1401388878,1401389058,180,1.800
128,1401410453,1401410605,152,1.520
128,1401432037,1401432227,190,1.900
128,1401453645,1401453798,153,1.530
128,1401475235,1401475419,184,1.840
128,1401496843,1401496990,147,1.470
128,1401518427,1401518612,185,1.850
128,1401540022,1401540183,161,1.610
128,1401561633,1401561805,172,1.720
128,1401583228,1401583429,201,2.010
128,1401604805,1401605004,199,1.990
128,1401626373,1401626551,178,1.780
128,1401647968,1401648123,155,1.550
128,1401669566,1401669744,178,1.780
128,1401691166,1401691315,149,1.490
128,1401712795,1401712987,192,1.920
128,1401734381,1401734558,177,1.770
128,1401755957,1401756129,172,1.720
128,1401777562,1401777751,189,1.890
128,1401799153,1401799327,174,1.740
128,1401820731,1401820877,146,1.460
128,1401842319,1401842497,178,1.780
128,1401863910,1401864068,158,1.580
128,1401885500,1401885690,190,1.900
128,1401907085,1401907261,176,1.760
128,1401928653,1401928832,179,1.790
128,1401950255,1401950403,148,1.480
128,1401971845,1401972028,183,1.830
128,1401993465,1401993646,181,1.810
128,1402015067,1402015268,201,2.010
128,1402036670,1402036821,151,1.510
128,1402058247,1402058393,146,1.460
128,1402079816,1402079964,148,1.480
128,1402101421,1402101585,164,1.640
128,1402123138,1402123308,170,1.700
128,1402144719,1402144879,160,1.600
128,1402166292,1402166450,158,1.580
128,1402187869,1402188021,152,1.520
128,1402209460,1402209643,183,1.830
128,1402231029,1402231214,185,1.850
128,1402252614,1402252767,153,1.530
128,1402274188,1402274339,151,1.510
128,1402295777,1402295960,183,1.830
128,1402317369,1402317531,162,1.620
128,1402338945,1402339102,157,1.570
128,1402360538,1402360724,186,1.860
128,1402382127,1402382295,168,1.680
128,1402403709,1402403866,157,1.570
128,1402425301,1402425488,187,1.870
128,1402446893,1402447041,148,1.480
128,1402468456,1402468613,157,1.570
128,1402490049,1402490234,185,1.850
128,1402511790,1402511957,167,1.670
128,1402533382,1402533528,146,1.460
128,1402554978,1402555149,171,1.710
128,1402576567,1402576721,154,1.540
128,1402598148,1402598294,146,1.460
128,1402619739,1402619913,174,1.740
128,1402641326,1402641484,158,1.580
128,1402662924,1402663109,185,1.850
128,1402684499,1402684659,160,1.600
128,1402706101,1402706284,183,1.830
128,1402727689,1402727852,163,1.630
128,1402749258,1402749423,165,1.650
128,1402770834,1402770995,161,1.610
128,1402792416,1402792565,149,1.490
128,1402814003,1402814187,184,1.840
256,1402839013,1402839218,205,2.050
256,1402860723,1402860889,166,1.660
256,1402882318,1402882517,199,1.990
256,1402903917,1402904082,165,1.650
256,1402925681,1402925855,174,1.740
256,1402947309,1402947476,167,1.670
256,1402968922,1402969097,175,1.750
256,1402990523,1402990721,198,1.980
256,1403012137,1403012341,204,2.040
256,1403033752,1403033913,161,1.610
256,1403055350,1403055536,186,1.860
256,1403076938,1403077161,223,2.230
256,1403098509,1403098709,200,2.000
256,1403120089,1403120283,194,1.940
256,1403141688,1403141851,163,1.630
256,1403163279,1403163473,194,1.940
256,1403184880,1403185044,164,1.640
256,1403206477,1403206665,188,1.880
256,1403228078,1403228238,160,1.600
256,1403249684,1403249857,173,1.730
256,1403271256,1403271479,223,2.230
256,1403292840,1403293033,193,1.930
256,1403314443,1403314604,161,1.610
256,1403336029,1403336226,197,1.970
256,1403357602,1403357798,196,1.960
256,1403379212,1403379371,159,1.590
256,1403400795,1403400991,196,1.960
256,1403422378,1403422561,183,1.830
256,1403443984,1403444182,198,1.980
256,1403465585,1403465807,222,2.220
256,1403487163,1403487381,218,2.180
256,1403508741,1403508929,188,1.880
256,1403530322,1403530499,177,1.770
256,1403551903,1403552071,168,1.680
256,1403573488,1403573693,205,2.050
256,1403595079,1403595264,185,1.850
256,1403616676,1403616836,160,1.600
256,1403638245,1403638406,161,1.610
256,1403659843,1403660030,187,1.870
256,1403681422,1403681583,161,1.610
256,1403703001,1403703203,202,2.020
256,1403724744,1403724925,181,1.810
256,1403746338,1403746498,160,1.600
256,1403767934,1403768118,184,1.840
256,1403789515,1403789689,174,1.740
256,1403811112,1403811311,199,1.990
256,1403832691,1403832885,194,1.940
256,1403854267,1403854453,186,1.860
256,1403875870,1403876074,204,2.040
256,1403897471,1403897649,178,1.780
256,1403919059,1403919273,214,2.140
256,1403940649,1403940821,172,1.720
256,1403962485,1403962665,180,1.800
256,1403984088,1403984289,201,2.010
256,1404005675,1404005837,162,1.620
256,1404027261,1404027459,198,1.980
256,1404048840,1404049034,194,1.940
256,1404070438,1404070601,163,1.630
256,1404092065,1404092225,160,1.600
256,1404113780,1404113945,165,1.650
256,1404135134,1404135314,180,1.800
256,1404156474,1404156668,194,1.940
256,1404177857,1404178035,178,1.780
256,1404199237,1404199461,224,2.240
256,1404220597,1404220758,161,1.610
256,1404241955,1404242126,171,1.710
256,1404263291,1404263478,187,1.870
256,1404284662,1404284847,185,1.850
256,1404306006,1404306202,196,1.960
256,1404327351,1404327518,167,1.670
256,1404348698,1404348890,192,1.920
256,1404370024,1404370189,165,1.650
256,1404391387,1404391558,171,1.710
256,1404412724,1404412911,187,1.870
256,1404434059,1404434229,170,1.700
256,1404455397,1404455581,184,1.840
256,1404476740,1404476901,161,1.610
256,1404498074,1404498272,198,1.980
256,1404519649,1404519824,175,1.750
256,1404541310,1404541495,185,1.850
256,1404562889,1404563066,177,1.770
256,1404584463,1404584637,174,1.740
256,1404606049,1404606209,160,1.600
256,1404627621,1404627781,160,1.600
256,1404649210,1404649405,195,1.950
256,1404670772,1404670972,200,2.000
256,1404692342,1404692543,201,2.010
256,1404713935,1404714097,162,1.620
256,1404735508,1404735668,160,1.600
256,1404757095,1404757293,198,1.980
256,1404778665,1404778863,198,1.980
256,1404800266,1404800432,166,1.660
256,1404821865,1404822059,194,1.940
256,1404843449,1404843625,176,1.760
256,1404865008,1404865195,187,1.870
256,1404886573,1404886773,200,2.000
256,1404908289,1404908490,201,2.010
256,1404929878,1404930043,165,1.650
256,1404951423,1404951616,193,1.930
256,1404972982,1404973185,203,2.030
512,1404998487,1404998703,216,2.160
512,1405020215,1405020421,206,2.060
512,1405041789,1405041992,203,2.030
512,1405063366,1405063563,197,1.970
512,1405084925,1405085138,213,2.130
512,1405106499,1405106706,207,2.070
512,1405128069,1405128283,214,2.140
512,1405149636,1405149831,195,1.950
512,1405171227,1405171455,228,2.280
512,1405192802,1405193023,221,2.210
512,1405214370,1405214595,225,2.250
512,1405235949,1405236165,216,2.160
512,1405257522,1405257739,217,2.170
512,1405279097,1405279307,210,2.100
512,1405300639,1405300885,246,2.460
512,1405323083,1405323331,248,2.480
512,1405344672,1405344879,207,2.070
512,1405366246,1405366449,203,2.030
512,1405387802,1405388023,221,2.210
512,1405409405,1405409592,187,1.870
512,1405430963,1405431163,200,2.000
512,1405452545,1405452734,189,1.890
512,1405474110,1405474361,251,2.510
512,1405495687,1405495933,246,2.460
512,1405517245,1405517430,185,1.850
512,1405538821,1405539004,183,1.830
512,1405560395,1405560623,228,2.280
512,1405581959,1405582143,184,1.840
512,1405603506,1405603715,209,2.090
512,1405625075,1405625286,211,2.110
512,1405646658,1405646863,205,2.050
512,1405668232,1405668461,229,2.290
512,1405689784,1405689982,198,1.980
512,1405711468,1405711654,186,1.860
512,1405733047,1405733275,228,2.280
512,1405754611,1405754796,185,1.850
512,1405776186,1405776369,183,1.830
512,1405797735,1405797938,203,2.030
512,1405819311,1405819517,206,2.060
512,1405840871,1405841063,192,1.920
512,1405862455,1405862637,182,1.820
512,1405884025,1405884208,183,1.830
512,1405905596,1405905779,183,1.830
512,1405927163,1405927347,184,1.840
512,1405948740,1405948969,229,2.290
512,1405970313,1405970540,227,2.270
512,1405991870,1405992111,241,2.410
512,1406013438,1406013665,227,2.270
512,1406035000,1406035185,185,1.850
512,1406056554,1406056757,203,2.030
512,1406078142,1406078328,186,1.860
512,1406099701,1406099899,198,1.980
512,1406121397,1406121621,224,2.240
512,1406142985,1406143193,208,2.080
512,1406164549,1406164763,214,2.140
512,1406186138,1406186385,247,2.470
512,1406207727,1406207942,215,2.150
512,1406229300,1406229510,210,2.100
512,1406250883,1406251081,198,1.980
512,1406272447,1406272653,206,2.060
512,1406294025,1406294223,198,1.980
512,1406315605,1406315795,190,1.900
512,1406337180,1406337366,186,1.860
512,1406358732,1406358943,211,2.110
512,1406380313,1406380541,228,2.280
512,1406401885,1406402112,227,2.270
512,1406423441,1406423633,192,1.920
512,1406445012,1406445204,192,1.920
512,1406466574,1406466775,201,2.010
512,1406488157,1406488346,189,1.890
512,1406509831,1406510018,187,1.870
512,1406531444,1406531640,196,1.960
512,1406553004,1406553217,213,2.130
512,1406574564,1406574765,201,2.010
512,1406596138,1406596336,198,1.980
512,1406617705,1406617907,202,2.020
512,1406639286,1406639478,192,1.920
512,1406660854,1406661049,195,1.950
512,1406682419,1406682620,201,2.010
512,1406704001,1406704247,246,2.460
512,1406725579,1406725819,240,2.400
512,1406747145,1406747367,222,2.220
512,1406768714,1406768937,223,2.230
512,1406790281,1406790509,228,2.280
512,1406811895,1406812080,185,1.850
512,1406833454,1406833651,197,1.970
512,1406855017,1406855222,205,2.050
512,1406876597,1406876849,252,2.520
512,1406898163,1406898347,184,1.840
512,1406919748,1406919969,221,2.210
512,1406941331,1406941540,209,2.090
512,1406962903,1406963111,208,2.080
512,1406984491,1406984682,191,1.910
512,1407006064,1407006253,189,1.890
512,1407027637,1407027824,187,1.870
512,1407049203,1407049451,248,2.480
512,1407070758,1407070949,191,1.910
512,1407092326,1407092523,197,1.970
512,1407113884,1407114091,207,2.070
512,1407135467,1407135663,196,1.960
1024,1407160908,1407161192,284,2.840
1024,1407182595,1407182866,271,2.710
1024,1407204199,1407204435,236,2.360
1024,1407225795,1407226058,263,2.630
1024,1407247367,1407247628,261,2.610
1024,1407268934,1407269205,271,2.710
1024,1407290505,1407290753,248,2.480
1024,1407312240,1407312478,238,2.380
1024,1407333832,1407334101,269,2.690
1024,1407355408,1407355670,262,2.620
1024,1407376993,1407377239,246,2.460
1024,1407398584,1407398861,277,2.770
1024,1407420181,1407420434,253,2.530
1024,1407441763,1407442003,240,2.400
1024,1407463352,1407463625,273,2.730
1024,1407484913,1407485196,283,2.830
1024,1407506489,1407506750,261,2.610
1024,1407528063,1407528322,259,2.590
1024,1407549655,1407549892,237,2.370
1024,1407571225,1407571463,238,2.380
1024,1407592804,1407593035,231,2.310
1024,1407614372,1407614605,233,2.330
1024,1407635951,1407636226,275,2.750
1024,1407657541,1407657800,259,2.590
1024,1407679118,1407679352,234,2.340
1024,1407700701,1407700973,272,2.720
1024,1407722402,1407722645,243,2.430
1024,1407744003,1407744267,264,2.640
1024,1407765589,1407765842,253,2.530
1024,1407787141,1407787409,268,2.680
1024,1407808712,1407808980,268,2.680
1024,1407830292,1407830553,261,2.610
1024,1407851881,1407852122,241,2.410
1024,1407873468,1407873744,276,2.760
1024,1407895039,1407895299,260,2.600
1024,1407916631,1407916869,238,2.380
1024,1407938214,1407938490,276,2.760
1024,1407959826,1407960061,235,2.350
1024,1407981419,1407981685,266,2.660
1024,1408002993,1408003255,262,2.620
1024,1408024565,1408024826,261,2.610
1024,1408046151,1408046396,245,2.450
1024,1408067736,1408068018,282,2.820
1024,1408089321,1408089573,252,2.520
1024,1408111001,1408111244,243,2.430
1024,1408132601,1408132869,268,2.680
1024,1408154189,1408154436,247,2.470
1024,1408175787,1408176057,270,2.700
1024,1408197377,1408197631,254,2.540
1024,1408218973,1408219250,277,2.770
1024,1408240558,1408240824,266,2.660
1024,1408262133,1408262394,261,2.610
1024,1408283733,1408284020,287,2.870
1024,1408305347,1408305635,288,2.880
1024,1408326929,1408327190,261,2.610
1024,1408348500,1408348761,261,2.610
1024,1408370077,1408370334,257,2.570
1024,1408391664,1408391903,239,2.390
1024,1408413239,1408413474,235,2.350
1024,1408434835,1408435096,261,2.610
1024,1408456416,1408456669,253,2.530
1024,1408477989,1408478244,255,2.550
1024,1408499581,1408499865,284,2.840
1024,1408521273,1408521538,265,2.650
1024,1408542863,1408543135,272,2.720
1024,1408564447,1408564707,260,2.600
1024,1408586022,1408586279,257,2.570
1024,1408607611,1408607849,238,2.380
1024,1408629197,1408629470,273,2.730
1024,1408650775,1408651043,268,2.680
1024,1408672350,1408672612,262,2.620
1024,1408693923,1408694186,263,2.630
1024,1408715495,1408715737,242,2.420
1024,1408737054,1408737310,256,2.560
1024,1408758633,1408758880,247,2.470
1024,1408780217,1408780451,234,2.340
1024,1408801797,1408802073,276,2.760
1024,1408823365,1408823595,230,2.300
1024,1408844952,1408845216,264,2.640
1024,1408866523,1408866788,265,2.650
1024,1408888112,1408888342,230,2.300
1024,1408909821,1408910086,265,2.650
1024,1408931408,1408931684,276,2.760
1024,1408952979,1408953255,276,2.760
1024,1408974561,1408974829,268,2.680
1024,1408996150,1408996397,247,2.470
1024,1409017745,1409018018,273,2.730
1024,1409039326,1409039590,264,2.640
1024,1409060912,1409061164,252,2.520
1024,1409082477,1409082736,259,2.590
1024,1409104040,1409104285,245,2.450
1024,1409125635,1409125907,272,2.720
1024,1409147210,1409147478,268,2.680
1024,1409168792,1409169051,259,2.590
1024,1409190384,1409190621,237,2.370
1024,1409211968,1409212242,274,2.740
1024,1409233550,1409233813,263,2.630
1024,1409255139,1409255384,245,2.450
1024,1409276724,1409277006,282,2.820
1024,1409298299,1409298560,261,2.610
2048,1409323884,1409324253,369,3.690
2048,1409345594,1409345969,375,3.750
2048,1409367211,1409367597,386,3.860
2048,1409388802,1409389145,343,3.430
2048,1409410393,1409410718,325,3.250
2048,1409432001,1409432338,337,3.370
2048,1409453622,1409453959,337,3.370
2048,1409475230,1409475581,351,3.510
2048,1409496833,1409497201,368,3.680
2048,1409518423,1409518775,352,3.520
2048,1409540051,1409540396,345,3.450
2048,1409561640,1409561965,325,3.250
2048,1409583242,1409583593,351,3.510
2048,1409604844,1409605215,371,3.710
2048,1409626439,1409626764,325,3.250
2048,1409648044,1409648385,341,3.410
2048,1409669635,1409669958,323,3.230
2048,1409691222,1409691577,355,3.550
2048,1409712974,1409713299,325,3.250
2048,1409734598,1409734922,324,3.240
2048,1409756235,1409756592,357,3.570
2048,1409777846,1409778214,368,3.680
2048,1409799447,1409799787,340,3.400
2048,1409821049,1409821406,357,3.570
2048,1409842651,1409842980,329,3.290
2048,1409864249,1409864609,360,3.600
2048,1409885833,1409886221,388,3.880
2048,1409907432,1409907775,343,3.430
2048,1409929025,1409929396,371,3.710
2048,1409950643,1409950967,324,3.240
2048,1409972249,1409972590,341,3.410
2048,1409993859,1409994212,353,3.530
2048,1410015472,1410015834,362,3.620
2048,1410037074,1410037405,331,3.310
2048,1410058687,1410059025,338,3.380
2048,1410080284,1410080646,362,3.620
2048,1410101881,1410102217,336,3.360
2048,1410123605,1410123941,336,3.360
2048,1410145240,1410145611,371,3.710
2048,1410166836,1410167188,352,3.520
2048,1410188428,1410188811,383,3.830
2048,1410210048,1410210409,361,3.610
2048,1410231636,1410231981,345,3.450
2048,1410253241,1410253603,362,3.620
2048,1410274851,1410275175,324,3.240
2048,1410296453,1410296795,342,3.420
2048,1410318075,1410318417,342,3.420
2048,1410339683,1410340038,355,3.550
2048,1410361277,1410361609,332,3.320
2048,1410382879,1410383232,353,3.530
2048,1410404477,1410404858,381,3.810
2048,1410426095,1410426473,378,3.780
2048,1410447685,1410448028,343,3.430
2048,1410469277,1410469648,371,3.710
2048,1410490876,1410491221,345,3.450
2048,1410512577,1410512942,365,3.650
2048,1410534134,1410534465,331,3.310
2048,1410555713,1410556035,322,3.220
2048,1410576704,1410577045,341,3.410
2048,1410598477,1410598807,330,3.300
2048,1410620092,1410620428,336,3.360
2048,1410641706,1410642049,343,3.430
2048,1410663333,1410663670,337,3.370
2048,1410684960,1410685292,332,3.320
2048,1410706589,1410706913,324,3.240
2048,1410728214,1410728537,323,3.230
2048,1410749838,1410750206,368,3.680
2048,1410771466,1410771828,362,3.620
2048,1410793093,1410793450,357,3.570
2048,1410814717,1410815077,360,3.600
2048,1410836347,1410836697,350,3.500
2048,1410857963,1410858321,358,3.580
2048,1410879601,1410879993,392,3.920
2048,1410901220,1410901591,371,3.710
2048,1410922994,1410923382,388,3.880
2048,1410944625,1410945009,384,3.840
2048,1410966232,1410966556,324,3.240
2048,1410987861,1410988228,367,3.670
2048,1411009486,1411009850,364,3.640
2048,1411031088,1411031422,334,3.340
2048,1411052709,1411053043,334,3.340
2048,1411074310,1411074665,355,3.550
2048,1411095907,1411096236,329,3.290
2048,1411117529,1411117859,330,3.300
2048,1411139131,1411139480,349,3.490
2048,1411160745,1411161100,355,3.550
2048,1411182344,1411182729,385,3.850
2048,1411203964,1411204343,379,3.790
2048,1411225581,1411225971,390,3.900
2048,1411247183,1411247519,336,3.360
2048,1411268797,1411269141,344,3.440
2048,1411290400,1411290761,361,3.610
2048,1411312130,1411312485,355,3.550
2048,1411333766,1411334107,341,3.410
2048,1411355393,1411355727,334,3.340
2048,1411377003,1411377349,346,3.460
2048,1411398627,1411398971,344,3.440
2048,1411420302,1411420642,340,3.400
2048,1411441918,1411442265,347,3.470
2048,1411463520,1411463885,365,3.650
4096,1411489056,1411489834,778,7.780
4096,1411511098,1411511661,563,5.630
4096,1411532775,1411533330,555,5.550
4096,1411554449,1411555002,553,5.530
4096,1411576121,1411576674,553,5.530
4096,1411597781,1411598298,517,5.170
4096,1411619451,1411619967,516,5.160
4096,1411641136,1411641689,553,5.530
4096,1411662796,1411663314,518,5.180
4096,1411684458,1411684983,525,5.250
4096,1411706123,1411707430,1307,13.070
4096,1411728616,1411729155,539,5.390
4096,1411750300,1411750823,523,5.230
4096,1411771966,1411772496,530,5.300
4096,1411793630,1411794170,540,5.400
4096,1411815270,1411815789,519,5.190
4096,1411836930,1411837464,534,5.340
4096,1411858601,1411859135,534,5.340
4096,1411880261,1411880805,544,5.440
4096,1411901917,1411902479,562,5.620
4096,1411923565,1411924100,535,5.350
4096,1411945247,1411945771,524,5.240
4096,1411966899,1411967445,546,5.460
4096,1411988565,1411989116,551,5.510
4096,1412010213,1412010735,522,5.220
4096,1412031876,1412032410,534,5.340
4096,1412053706,1412054231,525,5.250
4096,1412075357,1412075905,548,5.480
4096,1412097009,1412097525,516,5.160
4096,1412118677,1412119195,518,5.180
4096,1412140330,1412140870,540,5.400
4096,1412162019,1412162542,523,5.230
4096,1412183667,1412184215,548,5.480
4096,1412205320,1412205837,517,5.170
4096,1412226998,1412227557,559,5.590
4096,1412248660,1412249178,518,5.180
4096,1412270340,1412270900,560,5.600
4096,1412292010,1412292574,564,5.640
4096,1412313663,1412314196,533,5.330
4096,1412335318,1412335867,549,5.490
4096,1412356980,1412357540,560,5.600
4096,1412378647,1412379210,563,5.630
4096,1412400305,1412400835,530,5.300
4096,1412421955,1412422506,551,5.510
4096,1412443631,1412444177,546,5.460
4096,1412465289,1412465849,560,5.600
4096,1412486961,1412487521,560,5.600
4096,1412508771,1412509295,524,5.240
4096,1412530463,1412531017,554,5.540
4096,1412552123,1412552639,516,5.160
4096,1412573803,1412574360,557,5.570
4096,1412595469,1412595983,514,5.140
4096,1412617138,1412617654,516,5.160
4096,1412638797,1412639325,528,5.280
4096,1412660458,1412660997,539,5.390
4096,1412682121,1412682671,550,5.500
4096,1412703792,1412704344,552,5.520
4096,1412725452,1412726014,562,5.620
4096,1412747099,1412747637,538,5.380
4096,1412768760,1412769308,548,5.480
4096,1412790419,1412790978,559,5.590
4096,1412812073,1412812599,526,5.260
4096,1412833735,1412834275,540,5.400
4096,1412855386,1412855945,559,5.590
4096,1412877044,1412877567,523,5.230
4096,1412898701,1412899239,538,5.380
4096,1412920481,1412921011,530,5.300
4096,1412942171,1412942733,562,5.620
4096,1412963835,1412964353,518,5.180
4096,1412985474,1412986027,553,5.530
4096,1413007138,1413007699,561,5.610
4096,1413028788,1413029323,535,5.350
4096,1413050445,1413050993,548,5.480
4096,1413072105,1413072664,559,5.590
4096,1413093743,1413094286,543,5.430
4096,1413115421,1413115959,538,5.380
4096,1413137090,1413137632,542,5.420
4096,1413158750,1413159304,554,5.540
4096,1413180423,1413180975,552,5.520
4096,1413202123,1413202645,522,5.220
4096,1413223803,1413224319,516,5.160
4096,1413245472,1413245991,519,5.190
4096,1413267125,1413267662,537,5.370
4096,1413288805,1413289335,530,5.300
4096,1413310601,1413311157,556,5.560
4096,1413332273,1413332828,555,5.550
4096,1413353921,1413354451,530,5.300
4096,1413375563,1413376122,559,5.590
4096,1413397217,1413397743,526,5.260
4096,1413418888,1413419424,536,5.360
4096,1413440544,1413441089,545,5.450
4096,1413462221,1413462761,540,5.400
4096,1413483879,1413484432,553,5.530
4096,1413505555,1413506107,552,5.520
4096,1413527209,1413527726,517,5.170
4096,1413548875,1413549397,522,5.220
4096,1413570533,1413571071,538,5.380
4096,1413592209,1413592743,534,5.340
4096,1413613868,1413614415,547,5.470
4096,1413635526,1413636085,559,5.590
8192,1413661062,1413662257,1195,11.950
8192,1413683168,1413684095,927,9.270
8192,1413704929,1413705853,924,9.240
8192,1413726709,1413727629,920,9.200
8192,1413748434,1413749349,915,9.150
8192,1413770181,1413771121,940,9.400
8192,1413791915,1413792847,932,9.320
8192,1413813654,1413814566,912,9.120
8192,1413835401,1413836360,959,9.590
8192,1413857140,1413858077,937,9.370
8192,1413878872,1413879806,934,9.340
8192,1413900613,1413901531,918,9.180
8192,1413922347,1413923247,900,9.000
8192,1413944090,1413945019,929,9.290
8192,1413965847,1413966742,895,8.950
8192,1413987602,1413988516,914,9.140
8192,1414009341,1414010238,897,8.970
8192,1414031069,1414032009,940,9.400
8192,1414052803,1414053731,928,9.280
8192,1414074535,1414075455,920,9.200
8192,1414096269,1414097198,929,9.290
8192,1414118179,1414119119,940,9.400
8192,1414139946,1414140894,948,9.480
8192,1414161714,1414162616,902,9.020
8192,1414183481,1414184389,908,9.080
8192,1414205213,1414206110,897,8.970
8192,1414227218,1414228157,939,9.390
8192,1414248978,1414249875,897,8.970
8192,1414270726,1414271649,923,9.230
8192,1414292469,1414293370,901,9.010
8192,1414314201,1414315143,942,9.420
8192,1414335952,1414336867,915,9.150
8192,1414357709,1414358639,930,9.300
8192,1414379458,1414380363,905,9.050
8192,1414401184,1414402085,901,9.010
8192,1414422923,1414423871,948,9.480
8192,1414444648,1414445600,952,9.520
8192,1414466412,1414467323,911,9.110
8192,1414488154,1414489091,937,9.370
8192,1414510032,1414510963,931,9.310
8192,1414531553,1414532484,931,9.310
8192,1414553055,1414553960,905,9.050
8192,1414574572,1414575530,958,9.580
8192,1414596058,1414596981,923,9.230
8192,1414617563,1414618501,938,9.380
8192,1414639057,1414639983,926,9.260
8192,1414660546,1414661489,943,9.430
8192,1414682025,1414682944,919,9.190
8192,1414703509,1414704416,907,9.070
8192,1414724999,1414725935,936,9.360
8192,1414746507,1414747460,953,9.530
8192,1414767983,1414768909,926,9.260
8192,1414789469,1414790380,911,9.110
8192,1414810972,1414811903,931,9.310
8192,1414832462,1414833374,912,9.120
8192,1414853945,1414854877,932,9.320
8192,1414875435,1414876345,910,9.100
8192,1414896939,1414897863,924,9.240
8192,1414918645,1414919589,944,9.440
8192,1414940484,1414941411,927,9.270
8192,1414962255,1414963185,930,9.300
8192,1414984001,1414984908,907,9.070
8192,1415005750,1415006693,943,9.430
8192,1415027497,1415028421,924,9.240
8192,1415049243,1415050145,902,9.020
8192,1415070995,1415071913,918,9.180
8192,1415092745,1415093687,942,9.420
8192,1415114495,1415115411,916,9.160
8192,1415136282,1415137183,901,9.010
8192,1415158037,1415158957,920,9.200
8192,1415179792,1415180727,935,9.350
8192,1415201517,1415202470,953,9.530
8192,1415223279,1415224195,916,9.160
8192,1415245003,1415245915,912,9.120
8192,1415266747,1415267689,942,9.420
8192,1415288471,1415289406,935,9.350
8192,1415310373,1415311281,908,9.080
8192,1415332128,1415333055,927,9.270
8192,1415353876,1415354778,902,9.020
8192,1415375607,1415376504,897,8.970
8192,1415397340,1415398292,952,9.520
8192,1415419103,1415420067,964,9.640
8192,1415440839,1415441738,899,8.990
8192,1415462583,1415463519,936,9.360
8192,1415484312,1415485232,920,9.200
8192,1415506043,1415506953,910,9.100
8192,1415527784,1415528724,940,9.400
8192,1415549515,1415550448,933,9.330
8192,1415571259,1415572170,911,9.110
8192,1415592988,1415593893,905,9.050
8192,1415614732,1415615666,934,9.340
8192,1415636472,1415637390,918,9.180
8192,1415658190,1415659130,940,9.400
8192,1415679935,1415680853,918,9.180
8192,1415701675,1415702577,902,9.020
8192,1415723583,1415724496,913,9.130
8192,1415745330,1415746268,938,9.380
8192,1415767078,1415767992,914,9.140
8192,1415788820,1415789715,895,8.950
8192,1415810559,1415811486,927,9.270
16384,1415836203,1415838272,2069,20.690
16384,1415858606,1415860316,1710,17.100
16384,1415880542,1415882253,1711,17.110
16384,1415902498,1415904210,1712,17.120
16384,1415924409,1415926105,1696,16.960
16384,1415946366,1415948079,1713,17.130
16384,1415968327,1415970055,1728,17.280
16384,1415990243,1415991944,1701,17.010
16384,1416012177,1416013871,1694,16.940
16384,1416034073,1416035797,1724,17.240
16384,1416056008,1416057735,1727,17.270
16384,1416077942,1416079608,1666,16.660
16384,1416099860,1416101533,1673,16.730
16384,1416121809,1416123524,1715,17.150
16384,1416143787,1416145495,1708,17.080
16384,1416165722,1416167433,1711,17.110
16384,1416187632,1416189315,1683,16.830
16384,1416209539,1416211237,1698,16.980
16384,1416231494,1416233214,1720,17.200
16384,1416253447,1416255157,1710,17.100
16384,1416275377,1416277079,1702,17.020
16384,1416297320,1416299070,1750,17.500
16384,1416319249,1416320948,1699,16.990
16384,1416341163,1416342869,1706,17.060
16384,1416363100,1416364795,1695,16.950
16384,1416385016,1416386786,1770,17.700
16384,1416407040,1416408714,1674,16.740
16384,1416428957,1416430650,1693,16.930
16384,1416450849,1416452527,1678,16.780
16384,1416472768,1416474452,1684,16.840
16384,1416494691,1416496373,1682,16.820
16384,1416516618,1416518367,1749,17.490
16384,1416538587,1416540290,1703,17.030
16384,1416560512,1416562230,1718,17.180
16384,1416582457,1416584160,1703,17.030
16384,1416604398,1416606129,1731,17.310
16384,1416626339,1416628067,1728,17.280
16384,1416648266,1416649950,1684,16.840
16384,1416670164,1416671866,1702,17.020
16384,1416692114,1416693810,1696,16.960
16384,1416714042,1416715737,1695,16.950
16384,1416735930,1416737609,1679,16.790
16384,1416757824,1416759487,1663,16.630
16384,1416779730,1416781424,1694,16.940
16384,1416801663,1416803348,1685,16.850
16384,1416823583,1416825272,1689,16.890
16384,1416845511,1416847214,1703,17.030
16384,1416867417,1416869089,1672,16.720
16384,1416889321,1416891012,1691,16.910
16384,1416911417,1416913161,1744,17.440
16384,1416933393,1416935078,1685,16.850
16384,1416955331,1416957019,1688,16.880
16384,1416977245,1416978953,1708,17.080
16384,1416999178,1417000870,1692,16.920
16384,1417021109,1417022862,1753,17.530
16384,1417043066,1417044741,1675,16.750
16384,1417064972,1417066711,1739,17.390
16384,1417086924,1417088653,1729,17.290
16384,1417108838,1417110583,1745,17.450
16384,1417130773,1417132449,1676,16.760
16384,1417152669,1417154384,1715,17.150
16384,1417174600,1417176268,1668,16.680
16384,1417196497,1417198191,1694,16.940
16384,1417218412,1417220130,1718,17.180
16384,1417240325,1417242059,1734,17.340
16384,1417262276,1417263978,1702,17.020
16384,1417284173,1417285853,1680,16.800
16384,1417306113,1417308366,2253,22.530
16384,1417328627,1417330298,1671,16.710
16384,1417350549,1417352266,1717,17.170
16384,1417372485,1417374200,1715,17.150
16384,1417394411,1417396086,1675,16.750
16384,1417416319,1417418011,1692,16.920
16384,1417438226,1417439946,1720,17.200
16384,1417460167,1417461874,1707,17.070
16384,1417482061,1417483744,1683,16.830
16384,1417503989,1417505674,1685,16.850
16384,1417525895,1417527612,1717,17.170
16384,1417547839,1417549533,1694,16.940
16384,1417569743,1417571460,1717,17.170
16384,1417591692,1417593402,1710,17.100
16384,1417613620,1417615323,1703,17.030
16384,1417635537,1417637249,1712,17.120
16384,1417657436,1417659192,1756,17.560
16384,1417679374,1417681063,1689,16.890
16384,1417701312,1417703038,1726,17.260
16384,1417723415,1417725138,1723,17.230
16384,1417745351,1417747056,1705,17.050
16384,1417767289,1417768999,1710,17.100
16384,1417789227,1417790886,1659,16.590
16384,1417811109,1417812795,1686,16.860
16384,1417833029,1417834733,1704,17.040
16384,1417854915,1417856613,1698,16.980
16384,1417876852,1417878539,1687,16.870
16384,1417898752,1417900476,1724,17.240
16384,1417920690,1417922410,1720,17.200
16384,1417942611,1417944328,1717,17.170
16384,1417964551,1417966266,1715,17.150
16384,1417986474,1417988145,1671,16.710
16384,1418008388,1418010068,1680,16.800
32768,1418034187,1418037932,3745,37.450
32768,1418057083,1418060315,3232,32.320
32768,1418079292,1418082520,3228,32.280
32768,1418101518,1418104752,3234,32.340
32768,1418123921,1418127146,3225,32.250
32768,1418146183,1418149432,3249,32.490
32768,1418168409,1418171629,3220,32.200
32768,1418190661,1418193916,3255,32.550
32768,1418212927,1418216161,3234,32.340
32768,1418235194,1418238397,3203,32.030
32768,1418257366,1418260584,3218,32.180
32768,1418279603,1418282825,3222,32.220
32768,1418301817,1418305070,3253,32.530
32768,1418324072,1418327311,3239,32.390
32768,1418346328,1418349596,3268,32.680
32768,1418368575,1418371835,3260,32.600
32768,1418390864,1418394128,3264,32.640
32768,1418413149,1418416364,3215,32.150
32768,1418435349,1418438555,3206,32.060
32768,1418457567,1418460845,3278,32.780
32768,1418479834,1418483141,3307,33.070
32768,1418502135,1418505372,3237,32.370
32768,1418524497,1418527771,3274,32.740
32768,1418546779,1418550006,3227,32.270
32768,1418569034,1418572300,3266,32.660
32768,1418591297,1418594544,3247,32.470
32768,1418613546,1418616784,3238,32.380
32768,1418635794,1418639072,3278,32.780
32768,1418658084,1418661358,3274,32.740
32768,1418680338,1418683606,3268,32.680
32768,1418702599,1418705838,3239,32.390
32768,1418724799,1418728084,3285,32.850
32768,1418747080,1418750323,3243,32.430
32768,1418769313,1418772564,3251,32.510
32768,1418791560,1418794808,3248,32.480
32768,1418813789,1418817039,3250,32.500
32768,1418836027,1418839228,3201,32.010
32768,1418858237,1418861467,3230,32.300
32768,1418880473,1418883708,3235,32.350
32768,1418902673,1418905945,3272,32.720
32768,1418925102,1418928391,3289,32.890
32768,1418947398,1418950585,3187,31.870
32768,1418969587,1418972823,3236,32.360
32768,1418991827,1418995057,3230,32.300
32768,1419014029,1419017351,3322,33.220
32768,1419036335,1419039648,3313,33.130
32768,1419058652,1419061980,3328,33.280
32768,1419080953,1419084172,3219,32.190
32768,1419103149,1419106358,3209,32.090
32768,1419125348,1419128603,3255,32.550
32768,1419147606,1419150898,3292,32.920
32768,1419169906,1419173133,3227,32.270
32768,1419192125,1419195420,3295,32.950
32768,1419214409,1419217661,3252,32.520
32768,1419236653,1419239889,3236,32.360
32768,1419258894,1419262143,3249,32.490
32768,1419281177,1419284383,3206,32.060
32768,1419303401,1419306626,3225,32.250
32768,1419325739,1419328963,3224,32.240
32768,1419347969,1419351303,3334,33.340
32768,1419370275,1419373596,3321,33.210
32768,1419392625,1419395837,3212,32.120
32768,1419414815,1419418130,3315,33.150
32768,1419437149,1419440463,3314,33.140
32768,1419459467,1419462717,3250,32.500
32768,1419481733,1419484997,3264,32.640
32768,1419504017,1419507301,3284,32.840
32768,1419526278,1419529540,3262,32.620
32768,1419548511,1419551725,3214,32.140
32768,1419570738,1419573956,3218,32.180
32768,1419592969,1419596251,3282,32.820
32768,1419615273,1419618544,3271,32.710
32768,1419637545,1419640784,3239,32.390
32768,1419659803,1419663024,3221,32.210
32768,1419682012,1419685313,3301,33.010
32768,1419704329,1419707559,3230,32.300
32768,1419726665,1419729942,3277,32.770
32768,1419748934,1419752187,3253,32.530
32768,1419771195,1419774423,3228,32.280
32768,1419793443,1419796663,3220,32.200
32768,1419815639,1419818905,3266,32.660
32768,1419837893,1419841197,3304,33.040
32768,1419860205,1419863487,3282,32.820
32768,1419882463,1419885676,3213,32.130
32768,1419904660,1419907915,3255,32.550
32768,1419926955,1419930211,3256,32.560
32768,1419949233,1419952445,3212,32.120
32768,1419971455,1419974683,3228,32.280
32768,1419993661,1419996865,3204,32.040
32768,1420015852,1420019113,3261,32.610
32768,1420038091,1420041351,3260,32.600
32768,1420060359,1420063597,3238,32.380
32768,1420082611,1420085885,3274,32.740
32768,1420104891,1420108171,3280,32.800
32768,1420127334,1420130573,3239,32.390
32768,1420149563,1420152859,3296,32.960
32768,1420171857,1420175053,3196,31.960
32768,1420194080,1420197336,3256,32.560
32768,1420216340,1420219579,3239,32.390
32768,1420238615,1420241865,3250,32.500
65536,1420264789,1420271992,7203,72.030
65536,1420288638,1420294964,6326,63.260
65536,1420311483,1420317829,6346,63.460
65536,1420334355,1420340626,6271,62.710
65536,1420357158,1420363433,6275,62.750
65536,1420379993,1420386291,6298,62.980
65536,1420402811,1420409105,6294,62.940
65536,1420425637,1420432098,6461,64.610
65536,1420448629,1420454925,6296,62.960
65536,1420471484,1420477815,6331,63.310
65536,1420494349,1420500799,6450,64.500
65536,1420517515,1420523799,6284,62.840
65536,1420540361,1420546713,6352,63.520
65536,1420563179,1420569459,6280,62.800
65536,1420586009,1420592317,6308,63.080
65536,1420608818,1420615245,6427,64.270
65536,1420631798,1420638057,6259,62.590
65536,1420654608,1420661012,6404,64.040
65536,1420677603,1420683858,6255,62.550
65536,1420700401,1420706680,6279,62.790
65536,1420723256,1420729544,6288,62.880
65536,1420746119,1420752591,6472,64.720
65536,1420769165,1420775470,6305,63.050
65536,1420791965,1420798420,6455,64.550
65536,1420814985,1420821691,6706,67.060
65536,1420838231,1420844556,6325,63.250
65536,1420861099,1420867395,6296,62.960
65536,1420883934,1420890306,6372,63.720
65536,1420906930,1420913381,6451,64.510
65536,1420929937,1420936282,6345,63.450
65536,1420952899,1420959244,6345,63.450
65536,1420975694,1420981970,6276,62.760
65536,1420998552,1421004858,6306,63.060
65536,1421021357,1421027637,6280,62.800
65536,1421044143,1421050480,6337,63.370
65536,1421066959,1421073317,6358,63.580
65536,1421089824,1421096099,6275,62.750
65536,1421112633,1421119068,6435,64.350
65536,1421135642,1421142033,6391,63.910
65536,1421158599,1421164877,6278,62.780
65536,1421181430,1421187801,6371,63.710
65536,1421204360,1421210654,6294,62.940
65536,1421227211,1421233573,6362,63.620
65536,1421250095,1421256408,6313,63.130
65536,1421272909,1421279186,6277,62.770
65536,1421295720,1421302074,6354,63.540
65536,1421318696,1421325006,6310,63.100
65536,1421341520,1421348016,6496,64.960
65536,1421364585,1421370873,6288,62.880
65536,1421387459,1421393741,6282,62.820
65536,1421410320,1421416628,6308,63.080
65536,1421433135,1421439511,6376,63.760
65536,1421456027,1421462521,6494,64.940
65536,1421479079,1421485369,6290,62.900
65536,1421501895,1421508287,6392,63.920
65536,1421524865,1421531135,6270,62.700
65536,1421547713,1421554016,6303,63.030
65536,1421570547,1421576854,6307,63.070
65536,1421593389,1421599659,6270,62.700
65536,1421616206,1421622577,6371,63.710
65536,1421639091,1421645393,6302,63.020
65536,1421661914,1421668240,6326,63.260
65536,1421684802,1421691259,6457,64.570
65536,1421708002,1421714271,6269,62.690
65536,1421730841,1421737406,6565,65.650
65536,1421753972,1421760243,6271,62.710
65536,1421776782,1421783061,6279,62.790
65536,1421799649,1421805963,6314,63.140
65536,1421822512,1421828779,6267,62.670
65536,1421845357,1421851681,6324,63.240
65536,1421868212,1421874479,6267,62.670
65536,1421891044,1421897348,6304,63.040
65536,1421913941,1421920253,6312,63.120
65536,1421936803,1421943068,6265,62.650
65536,1421959615,1421965929,6314,63.140
65536,1421982432,1421988734,6302,63.020
65536,1422005271,1422011543,6272,62.720
65536,1422028077,1422034463,6386,63.860
65536,1422050999,1422057314,6315,63.150
65536,1422073847,1422080105,6258,62.580
65536,1422096656,1422102923,6267,62.670
65536,1422119623,1422125891,6268,62.680
65536,1422142450,1422148787,6337,63.370
65536,1422165329,1422171710,6381,63.810
65536,1422188294,1422194568,6274,62.740
65536,1422211099,1422217599,6500,65.000
65536,1422234158,1422240445,6287,62.870
65536,1422256962,1422263291,6329,63.290
65536,1422279791,1422286160,6369,63.690
65536,1422302680,1422308961,6281,62.810
65536,1422325479,1422331776,6297,62.970
65536,1422348329,1422354670,6341,63.410
65536,1422371133,1422377425,6292,62.920
65536,1422393946,1422400234,6288,62.880
65536,1422416771,1422423193,6422,64.220
65536,1422439749,1422446056,6307,63.070
65536,1422462549,1422468861,6312,63.120
65536,1422485407,1422491846,6439,64.390
65536,1422508406,1422514736,6330,63.300
65536,1422531291,1422537612,6321,63.210
